날짜,요일,기온(°C),강수량(mm),풍속(m/s),습도(%),적설(cm)
2016-02-01,0,3.0,0.0,1.9,24.0,0.0
2016-02-02,1,1.7,0.0,1.6,24.0,0.0
2016-02-03,2,3.2,0.0,1.5,31.0,0.0
2016-02-04,3,3.7,0.0,0.7,30.0,0.0
2016-02-05,4,6.3,0.0,1.0,17.0,0.0
2016-02-11,3,10.7,0.0,0.6,36.0,0.0
2016-02-12,4,7.7,9.4,0.8,90.0,0.0
2016-02-15,0,0.0,0.0,3.9,20.0,0.0
2016-02-16,1,3.6,0.0,1.3,40.0,0.0
2016-02-17,2,5.0,0.0,1.8,23.0,0.0
2016-02-18,3,6.8,0.0,1.0,42.0,0.0
2016-02-19,4,9.5,0.0,1.7,35.0,0.0
2016-02-22,0,5.2,0.0,0.8,33.0,0.0
2016-02-23,1,10.3,0.0,2.5,29.0,0.0
2016-02-24,2,4.6,0.0,1.4,16.0,0.0
2016-02-25,3,4.7,0.0,3.2,18.0,0.0
2016-02-26,4,7.5,0.0,3.0,40.0,0.0
2016-02-29,0,1.2,0.0,3.8,40.0,0.0
2016-03-02,2,8.0,0.0,1.4,26.0,0.0
2016-03-03,3,11.6,0.0,1.6,40.0,0.0
2016-03-04,4,8.2,4.5,0.9,88.0,0.0
2016-03-07,0,12.4,0.0,1.8,59.0,0.0
2016-03-08,1,10.9,0.0,3.3,27.0,0.0
2016-03-09,2,7.4,0.0,4.7,41.0,0.0
2016-03-10,3,6.3,0.0,3.5,18.0,0.0
2016-03-11,4,4.7,0.0,2.5,19.0,0.0
2016-03-14,0,10.1,0.0,3.1,29.0,0.0
2016-03-15,1,10.6,0.0,1.7,23.0,0.0
2016-03-16,2,13.0,0.0,2.0,30.0,0.0
2016-03-17,3,15.7,0.0,1.6,27.0,0.0
2016-03-18,4,10.3,3.4,1.1,89.0,0.0
2016-03-21,0,13.4,0.0,1.8,42.0,0.0
2016-03-22,1,14.6,0.0,1.1,40.0,0.0
2016-03-23,2,16.1,0.0,1.1,25.0,0.0
2016-03-24,3,10.0,0.0,1.3,36.0,0.0
2016-03-25,4,9.4,0.0,1.4,54.0,0.0
2016-03-28,0,15.5,0.0,1.3,18.0,0.0
2016-03-29,1,14.7,0.0,5.5,39.0,0.0
2016-03-30,2,18.6,0.0,2.1,25.0,0.0
2016-03-31,3,18.4,0.0,2.0,20.0,0.0
2016-04-01,4,21.5,0.0,1.9,23.0,0.0
2016-04-04,0,11.7,0.0,1.6,82.0,0.0
2016-04-05,1,15.9,0.0,1.9,50.0,0.0
2016-04-06,2,19.8,0.0,1.6,25.0,0.0
2016-04-07,3,13.0,0.0,1.5,82.0,0.0
2016-04-08,4,19.2,0.0,2.0,43.0,0.0
2016-04-11,0,10.7,0.0,1.6,68.0,0.0
2016-04-12,1,13.8,0.0,1.3,42.0,0.0
2016-04-14,3,21.1,0.0,1.9,52.0,0.0
2016-04-15,4,19.2,0.0,2.4,39.0,0.0
2016-04-18,0,17.4,0.0,1.0,25.0,0.0
2016-04-19,1,18.2,0.0,2.0,25.0,0.0
2016-04-20,2,19.5,0.0,2.5,22.0,0.0
2016-04-21,3,14.4,0.2,1.3,91.0,0.0
2016-04-22,4,21.1,0.0,1.5,60.0,0.0
2016-04-25,0,22.4,0.0,1.7,26.0,0.0
2016-04-26,1,23.9,0.0,1.4,35.0,0.0
2016-04-27,2,11.8,1.1,2.9,84.0,0.0
2016-04-28,3,16.1,0.0,0.7,68.0,0.0
2016-04-29,4,19.0,0.0,2.6,27.0,0.0
2016-05-02,0,21.8,0.0,2.5,67.0,0.0
2016-05-03,1,19.1,1.0,4.4,85.0,0.0
2016-05-04,2,22.8,0.0,5.4,24.0,0.0
2016-05-09,0,20.6,0.0,1.3,44.0,0.0
2016-05-10,1,15.3,1.7,1.2,89.0,0.0
2016-05-11,2,19.2,0.0,1.4,53.0,0.0
2016-05-12,3,22.1,0.0,2.1,36.0,0.0
2016-05-13,4,19.5,0.0,1.5,50.0,0.0
2016-05-16,0,17.7,0.0,1.8,47.0,0.0
2016-05-17,1,23.6,0.0,1.4,21.0,0.0
2016-05-18,2,27.6,0.0,1.8,28.0,0.0
2016-05-19,3,24.8,0.0,1.6,29.0,0.0
2016-05-20,4,26.5,0.0,1.5,30.0,0.0
2016-05-23,0,26.2,0.0,1.3,27.0,0.0
2016-05-24,1,19.6,8.7,1.4,89.0,0.0
2016-05-25,2,24.5,0.0,1.4,41.0,0.0
2016-05-26,3,26.0,0.0,1.6,37.0,0.0
2016-05-27,4,27.1,0.0,1.8,30.0,0.0
2016-05-30,0,28.7,0.0,1.6,31.0,0.0
2016-05-31,1,27.8,0.0,0.9,33.0,0.0
2016-06-01,2,23.5,0.0,2.7,44.0,0.0
2016-06-02,3,24.5,0.0,2.2,26.0,0.0
2016-06-03,4,27.7,0.0,0.9,30.0,0.0
2016-06-07,1,24.8,0.0,1.4,62.0,0.0
2016-06-08,2,23.6,0.0,1.1,67.0,0.0
2016-06-09,3,25.6,0.0,1.8,62.0,0.0
2016-06-10,4,25.1,0.0,1.4,57.0,0.0
2016-06-13,0,26.5,0.0,1.9,58.0,0.0
2016-06-14,1,27.0,0.0,2.8,48.0,0.0
2016-06-15,2,22.8,0.0,2.0,64.0,0.0
2016-06-16,3,27.4,0.0,1.5,46.0,0.0
2016-06-17,4,27.6,0.0,1.3,41.0,0.0
2016-06-20,0,23.2,2.3,1.2,86.0,0.0
2016-06-21,1,22.5,0.1,1.1,88.0,0.0
2016-06-22,2,22.5,1.1,1.8,87.0,0.0
2016-06-23,3,27.0,0.0,0.8,57.0,0.0
2016-06-24,4,21.5,10.8,0.6,91.0,0.0
2016-06-27,0,24.3,0.0,1.3,67.0,0.0
2016-06-28,1,25.2,0.0,1.1,54.0,0.0
2016-06-29,2,24.0,0.0,0.9,63.0,0.0
2016-06-30,3,27.9,0.0,2.3,62.0,0.0
2016-07-01,4,23.8,3.8,1.3,89.0,0.0
2016-07-04,0,24.0,0.0,1.0,91.0,0.0
2016-07-05,1,28.6,0.0,2.7,70.0,0.0
2016-07-06,2,29.5,0.0,1.8,71.0,0.0
2016-07-07,3,28.6,0.0,1.1,67.0,0.0
2016-07-08,4,26.6,0.0,2.7,66.0,0.0
2016-07-11,0,26.3,0.1,0.4,73.0,0.0
2016-07-12,1,25.1,0.0,1.7,81.0,0.0
2016-07-13,2,27.8,0.0,1.8,72.0,0.0
2016-07-14,3,29.8,0.0,1.8,49.0,0.0
2016-07-15,4,28.4,0.0,1.5,43.0,0.0
2016-07-18,0,27.9,0.0,1.3,55.0,0.0
2016-07-19,1,27.8,0.0,1.0,60.0,0.0
2016-07-20,2,27.4,0.0,1.6,59.0,0.0
2016-07-21,3,27.2,0.0,2.1,58.0,0.0
2016-07-22,4,27.0,0.0,1.9,64.0,0.0
2016-07-25,0,31.8,0.0,2.6,58.0,0.0
2016-07-26,1,31.0,0.0,2.3,62.0,0.0
2016-07-27,2,32.0,0.0,1.8,63.0,0.0
2016-07-28,3,30.7,0.0,2.9,66.0,0.0
2016-07-29,4,31.7,0.0,3.0,61.0,0.0
2016-08-01,0,32.3,0.0,1.6,51.0,0.0
2016-08-02,1,30.6,0.0,1.4,63.0,0.0
2016-08-03,2,29.0,0.0,1.6,65.0,0.0
2016-08-04,3,30.2,0.0,1.7,56.0,0.0
2016-08-05,4,31.2,0.0,2.3,53.0,0.0
2016-08-08,0,33.5,0.0,1.5,46.0,0.0
2016-08-09,1,31.4,0.0,1.7,56.0,0.0
2016-08-10,2,32.6,0.0,2.1,51.0,0.0
2016-08-11,3,34.0,0.0,1.4,48.0,0.0
2016-08-12,4,35.1,0.0,1.3,45.0,0.0
2016-08-16,1,31.4,0.0,1.5,54.0,0.0
2016-08-17,2,31.6,0.0,2.2,54.0,0.0
2016-08-18,3,31.3,0.0,1.4,44.0,0.0
2016-08-19,4,32.0,0.0,1.0,46.0,0.0
2016-08-22,0,32.4,0.0,1.7,45.0,0.0
2016-08-23,1,27.4,0.0,1.2,71.0,0.0
2016-08-24,2,31.8,0.0,1.9,33.0,0.0
2016-08-25,3,31.2,0.0,1.7,49.0,0.0
2016-08-26,4,25.9,0.1,2.6,69.0,0.0
2016-08-29,0,25.3,0.0,3.2,42.0,0.0
2016-08-30,1,24.7,0.0,2.3,43.0,0.0
2016-08-31,2,27.5,0.0,4.3,30.0,0.0
2016-09-01,3,28.8,0.0,2.4,49.0,0.0
2016-09-02,4,19.1,5.7,1.6,90.0,0.0
2016-09-05,0,27.8,0.0,0.9,65.0,0.0
2016-09-06,1,26.8,0.0,0.9,65.0,0.0
2016-09-07,2,26.6,0.0,1.2,67.0,0.0
2016-09-08,3,27.3,0.0,1.8,46.0,0.0
2016-09-09,4,26.8,0.0,1.7,56.0,0.0
2016-09-12,0,20.5,0.3,1.7,84.0,0.0
2016-09-13,1,25.8,0.0,2.4,56.0,0.0
2016-09-19,0,22.2,0.0,2.6,60.0,0.0
2016-09-20,1,22.4,0.0,4.0,41.0,0.0
2016-09-21,2,23.0,0.0,1.9,47.0,0.0
2016-09-22,3,20.9,0.0,1.6,65.0,0.0
2016-09-23,4,24.4,0.0,2.0,54.0,0.0
2016-09-26,0,23.7,0.0,1.5,69.0,0.0
2016-09-27,1,25.7,0.0,1.3,73.0,0.0
2016-09-28,2,23.7,0.7,0.0,86.0,0.0
2016-09-29,3,19.1,0.0,2.3,85.0,0.0
2016-09-30,4,16.5,9.0,1.1,91.0,0.0
2016-10-04,1,27.0,0.0,2.5,53.0,0.0
2016-10-05,2,21.7,0.0,3.3,71.0,0.0
2016-10-06,3,25.4,0.0,2.4,29.0,0.0
2016-10-07,4,21.5,0.0,1.8,58.0,0.0
2016-10-10,0,19.0,0.0,2.3,45.0,0.0
2016-10-11,1,17.2,0.0,2.1,60.0,0.0
2016-10-12,2,21.3,0.0,1.8,45.0,0.0
2016-10-13,3,18.7,0.0,1.4,61.0,0.0
2016-10-14,4,20.7,0.0,2.3,46.0,0.0
2016-10-17,0,20.9,0.0,1.3,71.0,0.0
2016-10-18,1,20.4,0.0,2.1,59.0,0.0
2016-10-19,2,21.2,0.0,0.6,59.0,0.0
2016-10-20,3,20.9,0.0,0.9,53.0,0.0
2016-10-21,4,18.4,0.0,2.5,59.0,0.0
2016-10-24,0,17.7,0.0,2.2,47.0,0.0
2016-10-25,1,16.3,3.1,1.3,85.0,0.0
2016-10-26,2,19.1,0.0,1.0,57.0,0.0
2016-10-27,3,17.3,0.0,1.3,59.0,0.0
2016-10-28,4,14.3,0.8,1.2,89.0,0.0
2016-10-31,0,10.3,0.2,0.1,63.0,0.0
2016-11-01,1,9.5,0.0,2.8,26.0,0.0
2016-11-02,2,11.3,0.0,2.4,24.0,0.0
2016-11-03,3,13.5,0.0,1.5,51.0,0.0
2016-11-04,4,13.6,0.0,1.4,39.0,0.0
2016-11-07,0,16.5,0.0,1.3,51.0,0.0
2016-11-08,1,12.6,0.0,2.5,40.0,0.0
2016-11-09,2,10.4,0.0,2.6,32.0,0.0
2016-11-10,3,12.6,0.0,2.2,47.0,0.0
2016-11-11,4,15.5,0.0,0.8,46.0,0.0
2016-11-14,0,14.3,0.0,0.2,92.0,0.0
2016-11-15,1,16.3,0.0,2.0,19.0,0.0
2016-11-16,2,13.4,0.0,1.2,31.0,0.0
2016-11-17,3,14.7,0.0,2.0,33.0,0.0
2016-11-18,4,13.9,0.0,0.9,56.0,0.0
2016-11-21,0,13.1,0.0,0.4,73.0,0.0
2016-11-22,1,12.2,0.0,1.6,48.0,0.0
2016-11-23,2,10.3,0.0,2.2,36.0,0.0
2016-11-24,3,6.0,0.0,3.2,20.0,0.0
2016-11-25,4,7.7,0.0,1.5,37.0,0.0
2016-11-28,0,9.5,0.0,1.6,34.0,0.0
2016-11-29,1,9.5,0.0,3.3,26.0,0.0
2016-11-30,2,7.8,0.0,0.7,68.0,0.0
2016-12-01,3,11.9,0.0,1.1,52.0,0.0
2016-12-02,4,8.3,0.0,1.4,28.0,0.0
2016-12-05,0,11.3,0.0,0.7,66.0,0.0
2016-12-06,1,7.4,0.0,1.6,21.0,0.0
2016-12-07,2,4.1,0.0,1.1,42.0,0.0
2016-12-08,3,7.3,0.0,0.9,58.0,0.0
2016-12-09,4,11.7,0.0,1.4,31.0,0.0
2016-12-12,0,5.9,0.0,0.4,35.0,0.0
2016-12-13,1,9.5,0.0,1.7,57.0,0.0
2016-12-14,2,7.2,0.0,1.2,27.0,0.0
2016-12-15,3,5.3,0.0,2.4,32.0,0.0
2016-12-16,4,4.3,0.0,1.9,11.0,0.0
2016-12-19,0,5.8,4.9,0.0,86.0,0.0
2016-12-20,1,11.5,0.0,0.8,73.0,0.0
2016-12-21,2,9.2,0.0,1.5,76.0,0.0
2016-12-22,3,12.5,0.0,3.5,61.0,0.0
2016-12-23,4,5.8,0.0,1.2,43.0,0.0
2016-12-26,0,6.0,3.2,0.8,87.0,0.0
2016-12-27,1,7.0,0.0,4.1,24.0,0.0
2016-12-28,2,3.5,0.0,1.7,27.0,0.0
2016-12-29,3,4.9,0.0,2.8,35.0,0.0
2016-12-30,4,3.3,0.0,1.7,23.0,0.0
2017-01-02,0,10.3,0.0,1.0,49.0,0.0
2017-01-03,1,8.2,0.0,0.9,38.0,0.0
2017-01-04,2,7.7,0.0,0.5,48.0,0.0
2017-01-05,3,9.2,0.0,0.6,44.0,0.0
2017-01-06,4,9.2,0.0,2.4,42.0,0.0
2017-01-09,0,8.8,0.0,4.8,38.0,0.0
2017-01-10,1,5.8,0.0,2.4,33.0,0.0
2017-01-11,2,1.0,0.0,1.6,17.0,0.0
2017-01-12,3,6.2,0.0,4.5,46.0,0.0
2017-01-13,4,4.9,0.0,1.6,38.0,0.0
2017-01-16,0,2.8,0.0,1.6,20.0,0.0
2017-01-17,1,2.9,0.0,1.2,27.0,0.0
2017-01-18,2,5.8,0.0,3.7,32.0,0.0
2017-01-19,3,4.5,0.0,0.8,39.0,0.0
2017-01-20,4,2.3,0.0,4.8,36.0,0.0
2017-01-23,0,-0.2,0.0,4.0,24.0,0.0
2017-01-24,1,1.8,0.0,1.4,26.0,0.0
2017-01-25,2,1.8,0.0,1.0,26.0,0.0
2017-01-26,3,3.3,0.0,1.1,24.0,0.0
2017-01-31,1,1.8,0.0,1.3,31.0,0.0
2017-02-01,2,5.5,0.0,3.3,31.0,0.0
2017-02-02,3,5.3,0.0,1.3,18.0,0.0
2017-02-03,4,6.6,0.0,1.3,25.0,0.0
2017-02-06,0,5.0,0.0,4.2,25.0,0.0
2017-02-07,1,3.4,0.0,1.5,34.0,0.0
2017-02-08,2,5.5,0.0,1.2,34.0,0.0
2017-02-09,3,2.3,0.0,3.4,25.0,0.0
2017-02-10,4,0.2,0.0,4.5,25.0,0.0
2017-02-13,0,6.0,0.0,1.5,24.0,0.0
2017-02-14,1,7.4,0.0,2.1,17.0,0.0
2017-02-15,2,8.0,0.0,1.1,25.0,0.0
2017-02-16,3,12.7,0.0,2.4,41.0,0.0
2017-02-17,4,14.5,0.0,2.2,28.0,0.0
2017-02-20,0,10.7,0.0,4.9,19.0,0.0
2017-02-21,1,6.0,0.0,1.6,28.0,0.0
2017-02-22,2,3.7,6.7,0.7,88.0,0.0
2017-02-23,3,6.8,0.0,2.9,28.0,0.0
2017-02-24,4,5.4,0.0,1.7,19.0,0.0
2017-02-27,0,10.4,0.0,2.0,33.0,0.0
2017-02-28,1,10.5,0.0,1.5,29.0,0.0
2017-03-02,3,7.7,0.0,4.4,37.0,0.0
2017-03-03,4,9.5,0.0,1.6,22.0,0.0
2017-03-06,0,7.9,0.0,4.8,13.0,0.0
2017-03-07,1,6.1,0.0,1.9,29.0,0.0
2017-03-08,2,5.3,0.0,1.6,30.0,0.0
2017-03-09,3,9.3,0.0,2.0,19.0,0.0
2017-03-10,4,11.1,0.0,1.6,15.0,0.0
2017-03-13,0,15.4,0.0,2.3,10.0,0.0
2017-03-14,1,12.6,0.0,1.8,25.0,0.0
2017-03-15,2,10.0,0.0,3.2,19.0,0.0
2017-03-16,3,11.9,0.0,2.6,36.0,0.0
2017-03-17,4,13.8,0.0,2.3,17.0,0.0
2017-03-20,0,12.0,0.0,1.7,47.0,0.0
2017-03-21,1,14.1,0.0,1.8,43.0,0.0
2017-03-22,2,10.6,0.0,1.3,30.0,0.0
2017-03-23,3,13.4,0.0,1.2,24.0,0.0
2017-03-24,4,11.5,0.0,1.4,47.0,0.0
2017-03-27,0,10.7,0.0,1.3,40.0,0.0
2017-03-28,1,12.7,0.0,1.6,26.0,0.0
2017-03-29,2,6.8,0.1,0.9,87.0,0.0
2017-03-30,3,16.0,0.0,2.3,34.0,0.0
2017-03-31,4,12.2,0.0,2.1,56.0,0.0
2017-04-03,0,18.2,0.0,2.1,15.0,0.0
2017-04-04,1,21.0,0.0,1.8,19.0,0.0
2017-04-05,2,12.8,1.0,0.3,82.0,0.0
2017-04-06,3,15.8,0.0,1.3,85.0,0.0
2017-04-07,4,20.4,0.0,3.1,38.0,0.0
2017-04-10,0,17.0,0.0,3.7,29.0,0.0
2017-04-11,1,14.1,0.0,3.3,52.0,0.0
2017-04-12,2,18.0,0.0,3.5,11.0,0.0
2017-04-13,3,18.9,0.0,0.8,29.0,0.0
2017-04-14,4,18.3,0.0,3.8,40.0,0.0
2017-04-17,0,15.0,0.0,0.8,91.0,0.0
2017-04-18,1,19.1,0.0,2.7,48.0,0.0
2017-04-19,2,19.2,0.0,2.2,23.0,0.0
2017-04-20,3,18.0,0.0,1.7,29.0,0.0
2017-04-21,4,19.9,0.0,2.3,25.0,0.0
2017-04-24,0,19.7,0.0,3.1,27.0,0.0
2017-04-25,1,22.3,0.0,2.6,40.0,0.0
2017-04-26,2,15.8,0.0,1.0,67.0,0.0
2017-04-27,3,18.9,0.0,2.2,22.0,0.0
2017-04-28,4,21.0,0.0,2.9,30.0,0.0
2017-05-02,1,22.1,0.0,1.1,22.0,0.0
2017-05-04,3,25.0,0.0,1.5,35.0,0.0
2017-05-08,0,24.6,0.0,1.1,31.0,0.0
2017-05-10,2,20.1,0.0,2.1,62.0,0.0
2017-05-11,3,23.3,0.0,2.6,55.0,0.0
2017-05-12,4,17.6,2.5,0.6,88.0,0.0
2017-05-15,0,21.7,0.0,1.2,26.0,0.0
2017-05-16,1,22.7,0.0,1.8,36.0,0.0
2017-05-17,2,22.9,0.0,1.5,36.0,0.0
2017-05-18,3,25.4,0.0,1.6,33.0,0.0
2017-05-19,4,26.7,0.0,1.8,24.0,0.0
2017-05-22,0,27.4,0.0,1.5,29.0,0.0
2017-05-23,1,23.8,0.0,2.2,47.0,0.0
2017-05-24,2,24.0,0.0,1.4,56.0,0.0
2017-05-25,3,26.5,0.0,1.7,41.0,0.0
2017-05-26,4,21.1,0.0,1.8,29.0,0.0
2017-05-29,0,30.3,0.0,1.6,29.0,0.0
2017-05-30,1,29.9,0.0,1.9,27.0,0.0
2017-05-31,2,25.0,0.0,2.0,44.0,0.0
2017-06-01,3,26.7,0.0,1.3,51.0,0.0
2017-06-02,4,24.8,0.0,2.4,31.0,0.0
2017-06-05,0,27.5,0.0,2.1,22.0,0.0
2017-06-07,2,21.6,0.0,3.2,69.0,0.0
2017-06-08,3,24.9,0.0,3.3,34.0,0.0
2017-06-09,4,26.3,0.0,1.9,30.0,0.0
2017-06-12,0,23.6,0.0,2.4,36.0,0.0
2017-06-13,1,23.7,0.0,2.0,38.0,0.0
2017-06-14,2,25.8,0.0,1.3,36.0,0.0
2017-06-15,3,29.2,0.0,1.7,25.0,0.0
2017-06-16,4,27.6,0.0,1.7,38.0,0.0
2017-06-19,0,29.9,0.0,2.2,33.0,0.0
2017-06-20,1,25.0,0.0,0.8,55.0,0.0
2017-06-21,2,28.3,0.0,2.2,42.0,0.0
2017-06-22,3,28.3,0.0,2.1,40.0,0.0
2017-06-23,4,30.5,0.0,1.3,41.0,0.0
2017-06-26,0,24.3,0.0,2.1,71.0,0.0
2017-06-27,1,25.3,0.0,2.0,52.0,0.0
2017-06-28,2,28.2,0.0,1.1,44.0,0.0
2017-06-29,3,24.1,0.0,1.6,66.0,0.0
2017-06-30,4,25.8,0.0,2.0,64.0,0.0
2017-07-03,0,28.7,0.0,2.9,64.0,0.0
2017-07-04,1,29.3,0.0,1.9,64.0,0.0
2017-07-05,2,29.2,0.0,1.5,60.0,0.0
2017-07-06,3,27.5,0.0,1.5,78.0,0.0
2017-07-07,4,25.7,0.1,1.1,92.0,0.0
2017-07-10,0,28.3,0.0,1.7,79.0,0.0
2017-07-11,1,27.2,0.0,1.8,77.0,0.0
2017-07-12,2,31.6,0.0,2.3,58.0,0.0
2017-07-13,3,30.1,0.0,1.9,64.0,0.0
2017-07-14,4,28.4,0.0,1.7,75.0,0.0
2017-07-17,0,31.6,0.0,1.4,57.0,0.0
2017-07-18,1,28.9,0.0,1.0,73.0,0.0
2017-07-19,2,31.3,0.0,1.7,56.0,0.0
2017-07-20,3,32.9,0.0,1.0,57.0,0.0
2017-07-21,4,34.9,0.0,3.0,47.0,0.0
2017-07-24,0,35.0,0.0,1.1,54.0,0.0
2017-07-25,1,29.2,0.0,0.6,85.0,0.0
2017-07-26,2,28.9,0.0,3.2,55.0,0.0
2017-07-27,3,31.0,0.0,1.2,36.0,0.0
2017-07-28,4,32.1,0.0,1.6,48.0,0.0
2017-07-31,0,29.7,0.0,1.5,67.0,0.0
2017-08-01,1,29.7,0.0,1.7,69.0,0.0
2017-08-02,2,28.4,0.0,3.0,74.0,0.0
2017-08-03,3,30.6,0.0,2.4,56.0,0.0
2017-08-04,4,32.2,0.0,1.0,57.0,0.0
2017-08-07,0,34.5,0.0,1.3,45.0,0.0
2017-08-08,1,32.0,0.0,2.1,52.0,0.0
2017-08-09,2,26.9,0.0,0.8,89.0,0.0
2017-08-10,3,31.5,0.0,1.6,59.0,0.0
2017-08-11,4,31.6,0.0,1.7,55.0,0.0
2017-08-14,0,21.7,0.8,0.9,97.0,0.0
2017-08-16,2,28.0,0.0,1.3,80.0,0.0
2017-08-17,3,29.2,0.0,1.7,65.0,0.0
2017-08-18,4,30.0,0.0,1.0,57.0,0.0
2017-08-21,0,27.7,2.8,1.7,88.0,0.0
2017-08-22,1,25.7,6.9,1.6,93.0,0.0
2017-08-23,2,31.5,0.0,2.2,64.0,0.0
2017-08-24,3,30.9,0.0,3.2,61.0,0.0
2017-08-25,4,29.7,0.0,1.9,61.0,0.0
2017-08-28,0,29.1,0.0,1.8,51.0,0.0
2017-08-29,1,29.8,0.0,1.8,42.0,0.0
2017-08-30,2,24.5,0.0,2.0,36.0,0.0
2017-08-31,3,26.6,0.0,2.5,36.0,0.0
2017-09-01,4,26.1,0.0,2.9,43.0,0.0
2017-09-04,0,25.2,0.0,2.6,49.0,0.0
2017-09-05,1,23.7,0.0,1.8,64.0,0.0
2017-09-06,2,23.1,0.0,0.7,80.0,0.0
2017-09-07,3,21.8,0.0,0.6,74.0,0.0
2017-09-08,4,27.0,0.0,1.9,48.0,0.0
2017-09-11,0,20.6,1.4,0.7,90.0,0.0
2017-09-12,1,28.5,0.0,1.5,41.0,0.0
2017-09-13,2,26.4,0.0,2.0,32.0,0.0
2017-09-14,3,26.0,0.0,2.4,44.0,0.0
2017-09-15,4,23.9,0.0,2.9,46.0,0.0
2017-09-18,0,26.3,0.0,1.6,45.0,0.0
2017-09-19,1,26.7,0.0,0.5,51.0,0.0
2017-09-20,2,24.6,0.0,1.2,45.0,0.0
2017-09-21,3,23.8,0.0,1.3,46.0,0.0
2017-09-22,4,24.5,0.0,0.9,49.0,0.0
2017-09-25,0,26.8,0.0,1.9,52.0,0.0
2017-09-26,1,26.4,0.0,2.4,46.0,0.0
2017-09-27,2,18.3,1.1,1.9,88.0,0.0
2017-09-28,3,25.3,0.0,1.3,50.0,0.0
2017-09-29,4,20.7,0.0,2.2,28.0,0.0
2017-10-10,1,25.8,0.0,1.3,58.0,0.0
2017-10-11,2,23.6,0.0,1.7,65.0,0.0
2017-10-12,3,15.6,0.0,1.0,67.0,0.0
2017-10-13,4,18.8,0.0,2.5,29.0,0.0
2017-10-16,0,18.0,0.0,2.2,56.0,0.0
2017-10-17,1,17.9,0.0,1.2,65.0,0.0
2017-10-18,2,17.6,0.0,2.6,54.0,0.0
2017-10-19,3,20.0,0.0,2.1,46.0,0.0
2017-10-20,4,21.6,0.0,1.9,45.0,0.0
2017-10-23,0,18.0,0.0,2.3,32.0,0.0
2017-10-24,1,13.4,0.1,1.3,66.0,0.0
2017-10-25,2,17.6,0.0,1.2,45.0,0.0
2017-10-26,3,15.9,0.0,1.1,64.0,0.0
2017-10-27,4,19.6,0.0,2.4,41.0,0.0
2017-10-30,0,14.3,0.0,1.2,21.0,0.0
2017-10-31,1,14.5,0.0,1.1,26.0,0.0
2017-11-01,2,16.4,0.0,1.3,30.0,0.0
2017-11-02,3,16.6,0.0,1.4,51.0,0.0
2017-11-03,4,18.4,0.0,1.1,49.0,0.0
2017-11-06,0,14.5,0.0,0.9,39.0,0.0
2017-11-07,1,17.2,0.0,1.1,53.0,0.0
2017-11-08,2,21.3,0.0,2.5,31.0,0.0
2017-11-09,3,15.7,0.0,1.5,27.0,0.0
2017-11-10,4,18.2,0.0,1.2,56.0,0.0
2017-11-13,0,14.0,0.0,2.1,45.0,0.0
2017-11-14,1,16.7,0.0,1.1,20.0,0.0
2017-11-15,2,12.2,0.0,1.1,28.0,0.0
2017-11-16,3,9.1,0.0,1.6,38.0,0.0
2017-11-17,4,10.0,0.0,1.0,31.0,0.0
2017-11-20,0,8.8,0.0,1.8,29.0,0.0
2017-11-21,1,8.9,0.0,1.6,41.0,0.0
2017-11-22,2,8.6,0.0,0.8,54.0,0.0
2017-11-23,3,8.9,0.0,1.7,31.0,0.0
2017-11-24,4,8.8,0.0,4.8,36.0,0.0
2017-11-27,0,9.8,0.0,0.7,46.0,0.0
2017-11-28,1,16.3,0.0,1.1,55.0,0.0
2017-11-29,2,16.1,0.0,1.7,42.0,0.0
2017-11-30,3,9.4,0.0,3.7,12.0,0.0
2017-12-01,4,5.9,0.0,2.9,19.0,0.0
2017-12-04,0,9.4,0.0,2.2,47.0,0.0
2017-12-05,1,3.4,0.0,1.6,22.0,0.0
2017-12-06,2,5.2,0.0,1.0,40.0,0.0
2017-12-07,3,9.2,0.0,0.9,47.0,0.0
2017-12-08,4,3.3,0.0,3.3,28.0,0.0
2017-12-11,0,4.1,0.0,2.4,30.0,0.0
2017-12-12,1,-0.8,0.0,1.7,21.0,0.0
2017-12-13,2,1.8,0.0,2.6,17.0,0.0
2017-12-14,3,2.9,0.0,0.9,21.0,0.0
2017-12-15,4,5.1,0.0,1.0,18.0,0.0
2017-12-18,0,4.3,0.0,1.7,39.0,0.0
2017-12-19,1,5.1,0.0,3.4,33.0,0.0
2017-12-20,2,3.0,0.0,1.8,30.0,0.0
2017-12-21,3,5.9,0.0,1.0,42.0,0.0
2017-12-22,4,6.8,0.0,1.1,34.0,0.0
2017-12-26,1,6.3,0.0,0.7,44.0,0.0
2017-12-27,2,2.6,0.0,1.3,12.0,0.0
2017-12-28,3,3.6,0.0,1.8,35.0,0.0
2017-12-29,4,7.5,0.0,0.8,47.0,0.0
2018-01-02,1,5.7,0.0,1.1,28.0,0.0
2018-01-03,2,4.8,0.0,2.2,17.0,0.0
2018-01-04,3,2.4,0.0,1.2,30.0,0.0
2018-01-05,4,6.1,0.0,1.2,25.0,0.0
2018-01-08,0,3.9,0.2,0.1,89.0,0.0
2018-01-09,1,3.3,0.0,2.2,37.0,0.0
2018-01-10,2,-1.0,0.0,1.5,60.0,0.0
2018-01-11,3,-1.5,0.0,1.1,34.0,0.0
2018-01-12,4,-1.0,0.0,1.0,29.0,0.0
2018-01-15,0,11.1,0.0,1.0,47.0,0.0
2018-01-16,1,3.0,5.4,0.6,89.0,0.0
2018-01-17,2,6.7,0.6,1.8,88.0,0.0
2018-01-18,3,7.5,0.0,0.5,84.0,0.0
2018-01-19,4,5.1,0.0,1.6,43.0,0.0
2018-01-22,0,5.5,0.0,0.6,49.0,0.0
2018-01-23,1,-1.3,0.0,4.5,25.0,0.0
2018-01-24,2,-3.7,0.0,1.2,23.0,0.0
2018-01-25,3,-2.8,0.0,1.2,13.0,0.0
2018-01-26,4,-2.6,0.0,1.9,13.0,0.0
2018-01-29,0,1.1,0.0,1.1,27.0,0.0
2018-01-30,1,0.5,0.0,1.8,25.0,0.0
2018-01-31,2,2.4,0.0,1.2,38.0,0.0
2018-02-01,3,4.7,0.0,1.3,24.0,0.0
2018-02-02,4,3.2,0.0,0.7,21.0,0.0
2018-02-05,0,-1.5,0.0,3.7,23.0,0.0
2018-02-06,1,-2.0,0.0,3.5,21.0,0.0
2018-02-07,2,-1.6,0.0,1.4,21.0,0.0
2018-02-08,3,1.2,0.0,2.0,23.0,0.0
2018-02-09,4,9.1,0.0,1.4,30.0,0.0
2018-02-12,0,1.4,0.0,1.3,33.0,0.0
2018-02-13,1,3.9,0.0,2.0,29.0,0.0
2018-02-14,2,10.9,0.0,4.8,50.0,0.0
2018-02-19,0,8.7,0.0,1.8,25.0,0.0
2018-02-20,1,6.9,0.0,1.4,23.0,0.0
2018-02-21,2,4.6,0.0,1.6,13.0,0.0
2018-02-22,3,6.2,0.0,1.6,19.0,0.0
2018-02-23,4,8.8,0.0,4.0,42.0,0.0
2018-02-26,0,12.4,0.0,0.8,17.0,0.0
2018-02-27,1,12.4,0.0,2.3,38.0,0.0
2018-02-28,2,9.2,0.0,0.9,60.0,0.0
2018-03-02,4,6.3,0.0,1.9,23.0,0.0
2018-03-05,0,5.8,3.1,2.7,86.0,0.0
2018-03-06,1,8.7,0.0,2.9,45.0,0.0
2018-03-07,2,7.3,0.0,2.3,53.0,0.0
2018-03-08,3,4.6,2.5,2.5,82.0,0.0
2018-03-09,4,7.9,0.0,0.8,52.0,0.0
2018-03-12,0,15.4,0.0,1.6,32.0,0.0
2018-03-13,1,17.2,0.0,2.4,40.0,0.0
2018-03-14,2,19.7,0.0,2.2,44.0,0.0
2018-03-15,3,14.7,24.0,1.9,92.0,0.0
2018-03-16,4,6.4,0.0,2.6,64.0,0.0
2018-03-19,0,11.9,3.5,2.3,93.0,0.0
2018-03-20,1,9.7,0.0,4.0,41.0,0.0
2018-03-21,2,2.2,0.1,2.4,82.0,0.2
2018-03-22,3,9.9,0.0,1.7,44.0,0.0
2018-03-23,4,11.9,0.0,1.0,32.0,0.0
2018-03-26,0,18.8,0.0,1.7,22.0,0.0
2018-03-27,1,20.6,0.0,1.7,32.0,0.0
2018-03-28,2,21.0,0.0,2.7,27.0,0.0
2018-03-29,3,20.9,0.0,1.5,39.0,0.0
2018-03-30,4,16.2,0.0,3.3,35.0,0.0
2018-04-02,0,22.0,0.0,3.3,51.0,0.0
2018-04-03,1,22.3,0.0,1.9,56.0,0.0
2018-04-04,2,17.1,0.9,1.7,84.0,0.0
2018-04-05,3,9.7,0.0,1.6,83.0,0.0
2018-04-06,4,15.0,0.0,3.2,39.0,0.0
2018-04-09,0,16.7,0.0,1.1,31.0,0.0
2018-04-10,1,18.5,0.0,2.8,57.0,0.0
2018-04-11,2,23.3,0.0,1.6,31.0,0.0
2018-04-12,3,20.1,0.0,1.7,17.0,0.0
2018-04-13,4,16.4,0.0,2.2,22.0,0.0
2018-04-16,0,16.8,0.0,2.0,34.0,0.0
2018-04-17,1,18.0,0.0,2.2,32.0,0.0
2018-04-18,2,19.6,0.0,1.7,32.0,0.0
2018-04-19,3,21.8,0.0,1.3,27.0,0.0
2018-04-20,4,24.9,0.0,1.8,29.0,0.0
2018-04-23,0,11.0,4.2,1.5,92.0,0.0
2018-04-24,1,12.7,0.0,2.3,82.0,0.0
2018-04-25,2,19.4,0.0,2.4,25.0,0.0
2018-04-26,3,20.5,0.0,0.6,34.0,0.0
2018-04-27,4,21.6,0.0,2.1,30.0,0.0
2018-04-30,0,22.0,0.0,2.0,59.0,0.0
2018-05-02,2,18.6,0.0,0.9,91.0,0.0
2018-05-03,3,18.1,0.0,6.0,26.0,0.0
2018-05-04,4,19.3,0.0,4.7,23.0,0.0
2018-05-08,1,17.7,0.0,3.5,51.0,0.0
2018-05-09,2,16.6,0.0,3.5,47.0,0.0
2018-05-10,3,20.9,0.0,2.0,46.0,0.0
2018-05-11,4,22.0,0.0,2.5,36.0,0.0
2018-05-14,0,25.1,0.0,2.2,37.0,0.0
2018-05-15,1,26.7,0.0,1.9,35.0,0.0
2018-05-16,2,21.6,0.0,1.8,93.0,0.0
2018-05-17,3,24.5,0.0,1.5,79.0,0.0
2018-05-18,4,25.5,0.0,1.0,73.0,0.0
2018-05-21,0,19.0,0.0,2.0,57.0,0.0
2018-05-23,2,24.2,0.0,3.3,42.0,0.0
2018-05-24,3,25.1,0.0,1.3,33.0,0.0
2018-05-25,4,25.4,0.0,1.5,32.0,0.0
2018-05-28,0,19.3,0.5,1.5,86.0,0.0
2018-05-29,1,26.0,0.0,1.3,56.0,0.0
2018-05-30,2,26.5,0.0,2.2,57.0,0.0
2018-05-31,3,23.5,0.0,1.8,37.0,0.0
2018-06-01,4,29.6,0.0,2.0,28.0,0.0
2018-06-04,0,26.8,0.0,2.0,45.0,0.0
2018-06-05,1,19.8,0.0,1.7,82.0,0.0
2018-06-07,3,29.5,0.0,1.5,39.0,0.0
2018-06-08,4,27.9,0.0,1.3,46.0,0.0
2018-06-11,0,18.8,0.0,1.4,77.0,0.0
2018-06-12,1,19.2,0.0,1.2,83.0,0.0
2018-06-14,3,23.0,0.0,2.2,52.0,0.0
2018-06-15,4,22.6,0.0,2.9,48.0,0.0
2018-06-18,0,27.7,0.0,1.4,47.0,0.0
2018-06-19,1,23.3,0.0,1.4,71.0,0.0
2018-06-20,2,27.4,0.0,1.7,48.0,0.0
2018-06-21,3,29.4,0.0,2.2,27.0,0.0
2018-06-22,4,28.4,0.0,1.5,33.0,0.0
2018-06-25,0,30.5,0.0,1.9,45.0,0.0
2018-06-26,1,22.4,0.0,0.5,92.0,0.0
2018-06-27,2,25.4,0.1,2.4,86.0,0.0
2018-06-28,3,20.8,7.0,2.7,94.0,0.0
2018-06-29,4,26.7,0.0,1.2,71.0,0.0
2018-07-02,0,27.0,0.0,1.8,74.0,0.0
2018-07-03,1,24.0,0.4,2.0,84.0,0.0
2018-07-04,2,30.9,0.0,1.8,55.0,0.0
2018-07-05,3,22.6,9.4,1.7,92.0,0.0
2018-07-06,4,21.4,0.7,1.6,88.0,0.0
2018-07-09,0,19.6,0.2,1.4,88.0,0.0
2018-07-10,1,25.7,0.0,1.5,74.0,0.0
2018-07-11,2,30.4,0.0,1.0,61.0,0.0
2018-07-12,3,29.9,0.0,2.2,63.0,0.0
2018-07-13,4,31.5,0.0,1.3,57.0,0.0
2018-07-16,0,32.5,0.0,1.9,53.0,0.0
2018-07-17,1,32.0,0.0,1.4,55.0,0.0
2018-07-18,2,32.6,0.0,1.2,47.0,0.0
2018-07-19,3,33.4,0.0,1.6,41.0,0.0
2018-07-20,4,33.3,0.0,1.7,49.0,0.0
2018-07-23,0,32.4,0.0,1.4,52.0,0.0
2018-07-24,1,32.7,0.0,1.9,55.0,0.0
2018-07-25,2,33.7,0.0,1.6,52.0,0.0
2018-07-26,3,34.5,0.0,1.8,44.0,0.0
2018-07-27,4,35.3,0.0,2.6,48.0,0.0
2018-07-30,0,32.8,0.0,3.1,47.0,0.0
2018-07-31,1,32.4,0.0,2.8,49.0,0.0
2018-08-01,2,33.8,0.0,1.4,43.0,0.0
2018-08-02,3,34.6,0.0,1.6,42.0,0.0
2018-08-03,4,33.3,0.0,1.5,47.0,0.0
2018-08-06,0,35.1,0.0,1.3,43.0,0.0
2018-08-07,1,30.1,0.0,1.5,69.0,0.0
2018-08-08,2,32.6,0.0,1.8,55.0,0.0
2018-08-09,3,31.0,0.0,1.5,63.0,0.0
2018-08-10,4,31.7,0.0,2.1,61.0,0.0
2018-08-13,0,33.3,0.0,2.9,48.0,0.0
2018-08-14,1,34.3,0.0,1.6,44.0,0.0
2018-08-16,3,29.9,0.0,1.3,69.0,0.0
2018-08-17,4,27.1,0.0,2.9,51.0,0.0
2018-08-20,0,29.7,0.0,1.4,47.0,0.0
2018-08-21,1,31.8,0.0,3.0,40.0,0.0
2018-08-22,2,33.8,0.0,4.0,48.0,0.0
2018-08-23,3,27.1,1.3,3.2,82.0,0.0
2018-08-24,4,29.2,0.0,4.6,65.0,0.0
2018-08-27,0,25.4,6.4,0.4,89.0,0.0
2018-08-28,1,30.5,0.0,0.8,64.0,0.0
2018-08-29,2,30.1,0.0,2.3,57.0,0.0
2018-08-30,3,29.4,0.0,2.8,65.0,0.0
2018-08-31,4,23.8,2.0,0.4,91.0,0.0
2018-09-03,0,22.4,28.1,0.6,92.0,0.0
2018-09-04,1,26.7,0.0,2.0,63.0,0.0
2018-09-05,2,28.3,0.0,2.6,43.0,0.0
2018-09-06,3,24.8,0.0,1.1,59.0,0.0
2018-09-07,4,21.9,0.0,1.0,80.0,0.0
2018-09-10,0,24.7,0.0,2.4,50.0,0.0
2018-09-11,1,23.2,0.0,2.7,47.0,0.0
2018-09-12,2,26.4,0.0,2.3,55.0,0.0
2018-09-13,3,20.5,3.1,0.0,86.0,0.0
2018-09-14,4,21.6,0.5,0.8,88.0,0.0
2018-09-17,0,25.3,0.0,0.3,60.0,0.0
2018-09-18,1,25.9,0.0,1.8,59.0,0.0
2018-09-19,2,23.6,0.0,0.9,63.0,0.0
2018-09-20,3,21.4,0.0,1.1,88.0,0.0
2018-09-21,4,19.3,3.6,1.0,90.0,0.0
2018-10-08,0,21.4,0.0,1.7,27.0,0.0
2018-10-10,2,18.7,0.0,2.3,49.0,0.0
2018-10-11,3,16.1,0.0,2.4,33.0,0.0
2018-10-12,4,15.9,0.0,1.9,34.0,0.0
2018-10-15,0,19.8,0.0,1.6,46.0,0.0
2018-10-16,1,16.3,0.0,1.1,64.0,0.0
2018-10-17,2,18.9,0.0,0.9,45.0,0.0
2018-10-18,3,17.5,0.0,2.7,29.0,0.0
2018-10-19,4,0.0,0.0,0.0,0.0,0.0
2018-10-22,0,17.8,0.0,0.8,50.0,0.0
2018-10-23,1,17.8,0.0,1.0,55.0,0.0
2018-10-24,2,17.7,0.0,2.1,42.0,0.0
2018-10-25,3,17.9,0.0,2.0,41.0,0.0
2018-10-26,4,15.3,0.0,0.3,72.0,0.0
2018-10-29,0,14.4,0.1,0.0,65.0,0.0
2018-10-30,1,13.9,0.0,2.0,35.0,0.0
2018-10-31,2,14.1,0.0,1.4,43.0,0.0
2018-11-01,3,13.8,0.0,0.0,37.0,0.0
2018-11-02,4,15.3,0.0,1.4,32.0,0.0
2018-11-05,0,16.8,0.0,1.7,37.0,0.0
2018-11-06,1,17.6,0.0,0.0,52.0,0.0
2018-11-07,2,15.4,0.0,1.1,71.0,0.0
2018-11-08,3,13.7,3.5,0.6,91.0,0.0
2018-11-09,4,15.8,0.0,0.6,47.0,0.0
2018-11-12,0,15.0,0.0,2.6,44.0,0.0
2018-11-13,1,14.9,0.0,1.2,56.0,0.0
2018-11-14,2,15.0,0.0,1.5,46.0,0.0
2018-11-15,3,15.1,0.0,1.5,51.0,0.0
2018-11-16,4,11.1,0.0,0.3,74.0,0.0
2018-11-19,0,14.4,0.0,2.0,29.0,0.0
2018-11-20,1,12.6,0.0,3.2,19.0,0.0
2018-11-21,2,8.3,0.0,1.0,53.0,0.0
2018-11-22,3,9.3,0.0,4.4,19.0,0.0
2018-11-23,4,8.6,0.0,1.4,30.0,0.0
2018-11-26,0,11.4,0.0,0.6,56.0,0.0
2018-11-27,1,12.7,0.0,1.6,51.0,0.0
2018-11-28,2,14.9,0.0,1.9,12.0,0.0
2018-11-29,3,10.7,0.0,1.1,29.0,0.0
2018-11-30,4,12.0,0.0,1.1,41.0,0.0
2018-12-03,0,13.1,0.5,0.1,89.0,0.0
2018-12-04,1,15.9,0.5,0.9,69.0,0.0
2018-12-05,2,9.6,0.0,2.3,23.0,0.0
2018-12-06,3,6.9,0.0,1.5,78.0,0.0
2018-12-07,4,0.0,0.0,4.1,28.0,0.0
2018-12-10,0,3.2,0.0,1.8,21.0,0.0
2018-12-11,1,3.9,1.0,1.6,81.0,0.0
2018-12-12,2,4.6,0.0,3.7,27.0,0.0
2018-12-13,3,5.3,0.0,0.9,42.0,0.0
2018-12-14,4,4.9,0.0,1.3,23.0,0.0
2018-12-17,0,6.1,0.0,1.2,84.0,0.0
2018-12-18,1,7.6,0.0,1.1,42.0,0.0
2018-12-19,2,10.6,0.0,0.7,53.0,0.0
2018-12-20,3,7.5,0.0,0.2,63.0,0.0
2018-12-21,4,10.9,0.0,0.3,54.0,0.0
2018-12-24,0,5.7,0.0,2.9,16.0,0.0
2018-12-26,2,9.8,0.0,1.2,36.0,0.0
2018-12-27,3,2.2,0.0,3.5,11.0,0.0
2018-12-28,4,-0.8,0.0,2.8,24.0,0.0
2018-12-31,0,4.2,0.0,0.8,18.0,0.0
2019-01-02,2,4.0,0.0,1.6,32.0,0.0
2019-01-03,3,3.8,0.0,1.0,25.0,0.0
2019-01-04,4,2.7,0.0,0.7,27.0,0.0
2019-01-07,0,5.1,0.0,0.5,21.0,0.0
2019-01-08,1,6.1,0.0,2.1,27.0,0.0
2019-01-09,2,2.5,0.0,1.7,23.0,0.0
2019-01-10,3,6.8,0.0,1.2,22.0,0.0
2019-01-11,4,5.6,0.0,1.4,42.0,0.0
2019-01-14,0,6.2,0.0,1.1,46.0,0.0
2019-01-15,1,7.2,0.0,1.2,45.0,0.0
2019-01-16,2,0.9,0.0,1.4,25.0,0.0
2019-01-17,3,5.0,0.0,1.5,33.0,0.0
2019-01-18,4,6.0,0.0,0.9,28.0,0.0
2019-01-21,0,4.7,0.0,1.6,28.0,0.0
2019-01-22,1,7.2,0.0,1.1,36.0,0.0
2019-01-23,2,8.2,0.0,0.7,40.0,0.0
2019-01-24,3,6.7,0.0,1.6,22.0,0.0
2019-01-25,4,6.4,0.0,0.9,28.0,0.0
2019-01-28,0,8.5,0.0,2.4,39.0,0.0
2019-01-29,1,4.6,0.0,2.2,26.0,0.0
2019-01-30,2,6.9,0.0,0.9,28.0,0.0
2019-01-31,3,1.0,4.0,0.6,88.0,0.0
2019-02-01,4,3.2,0.0,2.1,44.0,0.0
2019-02-07,3,10.2,0.0,4.7,43.0,0.0
2019-02-08,4,4.0,0.0,1.3,17.0,0.0
2019-02-11,0,3.2,0.0,3.2,24.0,0.0
2019-02-12,1,4.9,0.0,2.8,28.0,0.0
2019-02-13,2,6.9,0.0,2.9,21.0,0.0
2019-02-14,3,5.5,0.0,2.0,31.0,0.0
2019-02-15,4,7.6,0.0,1.3,49.0,0.0
2019-02-18,0,5.2,0.0,1.6,23.0,0.0
2019-02-19,1,5.0,3.0,0.5,89.0,0.0
2019-02-20,2,8.1,0.0,1.7,38.0,0.0
2019-02-21,3,8.3,0.0,2.7,37.0,0.0
2019-02-22,4,9.6,0.0,1.0,40.0,0.0
2019-02-25,0,12.7,0.0,1.2,27.0,0.0
2019-02-26,1,11.9,0.0,1.7,29.0,0.0
2019-02-27,2,10.6,0.0,1.0,66.0,0.0
2019-02-28,3,13.1,0.0,2.4,33.0,0.0
2019-03-04,0,14.1,0.0,1.4,42.0,0.0
2019-03-05,1,13.5,0.0,1.2,43.0,0.0
2019-03-06,2,9.1,1.5,0.5,84.0,0.0
2019-03-07,3,11.5,0.0,2.3,47.0,0.0
2019-03-08,4,13.0,0.0,1.5,40.0,0.0
2019-03-11,0,11.8,0.0,1.5,54.0,0.0
2019-03-12,1,13.5,0.0,3.2,37.0,0.0
2019-03-13,2,8.4,0.0,2.1,34.0,0.0
2019-03-14,3,9.9,0.0,1.1,26.0,0.0
2019-03-15,4,11.1,0.0,1.6,54.0,0.0
2019-03-18,0,13.3,0.0,1.7,41.0,0.0
2019-03-19,1,17.2,0.0,1.3,32.0,0.0
2019-03-20,2,15.8,0.0,1.2,50.0,0.0
2019-03-21,3,18.3,0.0,2.0,52.0,0.0
2019-03-22,4,11.8,0.0,1.6,36.0,0.0
2019-03-25,0,11.1,0.0,1.0,36.0,0.0
2019-03-26,1,16.8,0.0,1.4,43.0,0.0
2019-03-27,2,18.3,0.0,2.6,41.0,0.0
2019-03-28,3,18.8,0.0,1.5,34.0,0.0
2019-03-29,4,16.3,0.0,1.6,56.0,0.0
2019-04-01,0,11.0,0.0,1.9,26.0,0.0
2019-04-02,1,11.7,0.0,1.9,21.0,0.0
2019-04-03,2,13.2,0.0,2.6,20.0,0.0
2019-04-04,3,16.8,0.0,2.3,23.0,0.0
2019-04-05,4,19.7,0.0,3.9,43.0,0.0
2019-04-08,0,17.9,0.0,1.3,46.0,0.0
2019-04-09,1,16.4,0.0,3.3,40.0,0.0
2019-04-10,2,9.8,0.0,2.1,71.0,0.0
2019-04-11,3,12.8,0.0,1.4,56.0,0.0
2019-04-12,4,16.7,0.0,3.2,27.0,0.0
2019-04-15,0,17.7,0.0,1.8,26.0,0.0
2019-04-16,1,20.4,0.0,1.5,27.0,0.0
2019-04-17,2,19.3,0.0,1.9,49.0,0.0
2019-04-18,3,21.6,0.0,2.3,39.0,0.0
2019-04-19,4,16.3,0.0,1.1,73.0,0.0
2019-04-22,0,23.3,0.0,1.5,53.0,0.0
2019-04-23,1,18.1,0.0,0.4,67.0,0.0
2019-04-24,2,19.0,0.0,0.6,87.0,0.0
2019-04-25,3,15.1,0.4,0.9,95.0,0.0
2019-04-26,4,14.5,0.0,1.6,61.0,0.0
2019-04-29,0,11.0,1.9,1.3,97.0,0.0
2019-04-30,1,17.3,0.0,1.3,80.0,0.0
2019-05-02,3,22.8,0.0,1.1,32.0,0.0
2019-05-03,4,24.5,0.0,2.5,27.0,0.0
2019-05-07,1,19.6,0.0,1.2,29.0,0.0
2019-05-08,2,21.4,0.0,1.4,34.0,0.0
2019-05-09,3,23.2,0.0,1.3,26.0,0.0
2019-05-10,4,24.6,0.0,1.2,27.0,0.0
2019-05-13,0,24.2,0.0,1.3,38.0,0.0
2019-05-14,1,26.2,0.0,1.7,59.0,0.0
2019-05-15,2,27.3,0.0,1.7,45.0,0.0
2019-05-16,3,28.0,0.0,1.5,33.0,0.0
2019-05-17,4,27.6,0.0,1.9,39.0,0.0
2019-05-20,0,19.2,0.0,1.0,69.0,0.0
2019-05-21,1,21.8,0.0,1.1,29.0,0.0
2019-05-22,2,26.4,0.0,2.9,27.0,0.0
2019-05-23,3,27.6,0.0,2.2,35.0,0.0
2019-05-24,4,29.1,0.0,2.5,43.0,0.0
2019-05-27,0,20.3,7.2,2.4,92.0,0.0
2019-05-28,1,23.7,0.0,2.9,25.0,0.0
2019-05-29,2,26.7,0.0,1.2,33.0,0.0
2019-05-30,3,27.5,0.0,1.5,30.0,0.0
2019-05-31,4,19.4,0.0,2.1,63.0,0.0
2019-06-03,0,27.9,0.0,1.7,42.0,0.0
2019-06-04,1,29.2,0.0,1.7,41.0,0.0
2019-06-05,2,30.0,0.0,1.5,43.0,0.0
2019-06-07,4,20.4,0.0,1.3,88.0,0.0
2019-06-10,0,21.2,0.0,2.1,59.0,0.0
2019-06-11,1,21.5,0.0,2.1,62.0,0.0
2019-06-12,2,24.7,0.0,1.8,50.0,0.0
2019-06-13,3,25.2,0.0,1.9,60.0,0.0
2019-06-14,4,21.4,0.0,0.7,70.0,0.0
2019-06-17,0,24.9,0.0,3.0,63.0,0.0
2019-06-18,1,25.1,0.0,1.0,69.0,0.0
2019-06-19,2,27.7,0.0,1.8,57.0,0.0
2019-06-20,3,28.7,0.0,1.2,53.0,0.0
2019-06-21,4,28.9,0.0,1.3,52.0,0.0
2019-06-24,0,24.6,0.0,1.0,61.0,0.0
2019-06-25,1,29.3,0.0,2.6,50.0,0.0
2019-06-26,2,17.5,9.3,1.1,95.0,0.0
2019-06-27,3,25.7,0.0,0.8,83.0,0.0
2019-06-28,4,28.2,0.0,1.9,72.0,0.0
2019-07-01,0,26.2,0.0,1.4,78.0,0.0
2019-07-02,1,27.7,0.0,1.1,57.0,0.0
2019-07-03,2,26.7,0.0,0.9,62.0,0.0
2019-07-04,3,30.6,0.0,2.7,40.0,0.0
2019-07-05,4,29.6,0.0,1.5,54.0,0.0
2019-07-08,0,25.7,0.0,2.4,55.0,0.0
2019-07-09,1,25.6,0.0,1.7,57.0,0.0
2019-07-10,2,21.7,0.1,1.2,85.0,0.0
2019-07-11,3,26.5,0.0,1.0,76.0,0.0
2019-07-12,4,27.5,0.0,1.9,57.0,0.0
2019-07-15,0,26.8,0.0,1.3,63.0,0.0
2019-07-16,1,26.7,0.0,1.4,67.0,0.0
2019-07-17,2,27.6,0.0,2.4,60.0,0.0
2019-07-18,3,22.8,0.1,0.6,87.0,0.0
2019-07-19,4,24.0,0.5,2.1,94.0,0.0
2019-07-22,0,29.8,0.0,0.9,75.0,0.0
2019-07-23,1,30.0,0.0,1.5,72.0,0.0
2019-07-24,2,27.6,0.0,1.3,81.0,0.0
2019-07-25,3,26.8,0.0,1.5,88.0,0.0
2019-07-26,4,28.7,0.0,2.1,80.0,0.0
2019-07-29,0,30.9,0.0,1.8,68.0,0.0
2019-07-30,1,30.6,0.0,1.8,71.0,0.0
2019-07-31,2,31.5,0.0,2.5,69.0,0.0
2019-08-01,3,32.0,0.0,1.6,60.0,0.0
2019-08-02,4,32.4,0.0,1.3,61.0,0.0
2019-08-05,0,33.8,0.0,0.9,56.0,0.0
2019-08-06,1,29.7,0.0,2.0,66.0,0.0
2019-08-07,2,30.9,0.0,1.6,70.0,0.0
2019-08-08,3,32.4,0.0,2.4,61.0,0.0
2019-08-09,4,32.4,0.0,1.8,58.0,0.0
2019-08-12,0,29.0,0.0,1.9,76.0,0.0
2019-08-13,1,32.5,0.0,1.2,63.0,0.0
2019-08-14,2,32.2,0.0,2.8,62.0,0.0
2019-08-16,4,31.5,0.0,2.9,55.0,0.0
2019-08-19,0,30.5,0.0,1.3,54.0,0.0
2019-08-20,1,30.6,0.0,2.2,57.0,0.0
2019-08-21,2,26.5,0.0,1.4,77.0,0.0
2019-08-22,3,26.3,0.6,1.3,91.0,0.0
2019-08-23,4,25.7,0.0,1.2,73.0,0.0
2019-08-26,0,28.7,0.0,1.8,59.0,0.0
2019-08-27,1,22.5,0.4,0.2,94.0,0.0
2019-08-28,2,25.0,0.0,0.6,84.0,0.0
2019-08-29,3,23.6,0.1,1.1,90.0,0.0
2019-08-30,4,27.5,0.0,1.0,48.0,0.0
2019-09-02,0,20.2,2.3,0.6,94.0,0.0
2019-09-03,1,21.8,9.0,0.9,96.0,0.0
2019-09-04,2,23.6,0.3,0.9,93.0,0.0
2019-09-05,3,27.6,0.0,0.9,80.0,0.0
2019-09-06,4,28.6,0.0,1.1,77.0,0.0
2019-09-09,0,29.3,0.0,1.4,72.0,0.0
2019-09-10,1,28.5,0.0,1.6,68.0,0.0
2019-09-11,2,29.8,0.0,0.8,68.0,0.0
2019-09-16,0,27.0,0.0,1.5,61.0,0.0
2019-09-17,1,26.0,0.0,2.1,49.0,0.0
2019-09-18,2,27.2,0.0,0.8,50.0,0.0
2019-09-19,3,23.6,0.0,2.0,54.0,0.0
2019-09-20,4,24.2,0.0,3.0,49.0,0.0
2019-09-23,0,19.3,0.0,1.3,77.0,0.0
2019-09-24,1,22.4,0.0,1.5,60.0,0.0
2019-09-25,2,23.5,0.0,1.6,54.0,0.0
2019-09-26,3,26.0,0.0,1.9,58.0,0.0
2019-09-27,4,25.2,0.0,1.5,61.0,0.0
2019-09-30,0,25.6,0.0,0.8,74.0,0.0
2019-10-02,2,20.3,6.8,0.1,97.0,0.0
2019-10-04,4,26.6,0.0,1.6,60.0,0.0
2019-10-07,0,17.2,0.0,0.9,80.0,0.0
2019-10-08,1,20.8,0.0,1.2,60.0,0.0
2019-10-10,3,21.0,0.0,1.5,46.0,0.0
2019-10-11,4,23.8,0.0,2.0,34.0,0.0
2019-10-14,0,19.9,0.0,1.7,57.0,0.0
2019-10-15,1,17.6,0.0,1.7,63.0,0.0
2019-10-16,2,18.8,0.0,2.2,52.0,0.0
2019-10-17,3,18.1,0.0,2.0,58.0,0.0
2019-10-18,4,15.0,0.6,0.0,93.0,0.0
2019-10-21,0,21.9,0.0,0.9,50.0,0.0
2019-10-22,1,22.1,0.0,1.5,55.0,0.0
2019-10-23,2,20.2,0.0,0.9,60.0,0.0
2019-10-24,3,20.0,0.0,2.5,62.0,0.0
2019-10-25,4,22.7,0.0,1.0,52.0,0.0
2019-10-28,0,16.2,0.0,1.3,49.0,0.0
2019-10-29,1,19.3,0.0,1.0,52.0,0.0
2019-10-30,2,16.2,0.0,0.7,46.0,0.0
2019-10-31,3,17.3,0.0,1.5,43.0,0.0
2019-11-01,4,19.5,0.0,0.9,56.0,0.0
2019-11-04,0,17.0,0.0,1.5,60.0,0.0
2019-11-05,1,17.5,0.0,1.3,53.0,0.0
2019-11-06,2,16.8,0.0,1.6,50.0,0.0
2019-11-07,3,17.7,0.0,1.4,48.0,0.0
2019-11-08,4,14.7,0.0,1.3,45.0,0.0
2019-11-11,0,18.0,0.0,0.7,47.0,0.0
2019-11-12,1,15.7,0.0,1.8,49.0,0.0
2019-11-13,2,14.0,0.0,0.5,66.0,0.0
2019-11-14,3,9.8,0.0,2.4,31.0,0.0
2019-11-15,4,12.6,0.0,1.4,42.0,0.0
2019-11-18,0,14.5,0.0,1.1,57.0,0.0
2019-11-19,1,9.1,0.0,3.8,42.0,0.0
2019-11-20,2,8.1,0.0,1.5,40.0,0.0
2019-11-21,3,11.4,0.0,1.6,28.0,0.0
2019-11-22,4,15.8,0.0,1.7,48.0,0.0
2019-11-25,0,10.5,0.0,2.0,41.0,0.0
2019-11-26,1,14.0,0.0,2.5,50.0,0.0
2019-11-27,2,12.0,0.0,1.0,61.0,0.0
2019-11-28,3,11.0,0.0,2.2,56.0,0.0
2019-11-29,4,10.6,0.0,1.6,35.0,0.0
2019-12-02,0,8.8,0.0,3.2,42.0,0.0
2019-12-03,1,6.5,0.0,0.9,52.0,0.0
2019-12-04,2,9.1,0.0,1.5,49.0,0.0
2019-12-05,3,8.6,0.0,1.7,33.0,0.0
2019-12-06,4,1.5,0.0,1.7,28.0,0.0
2019-12-09,0,6.5,0.0,1.1,46.0,0.0
2019-12-10,1,9.4,0.0,0.4,61.0,0.0
2019-12-11,2,14.6,0.0,1.4,65.0,0.0
2019-12-12,3,7.6,0.0,0.6,20.0,0.0
2019-12-13,4,5.4,0.0,0.5,36.0,0.0
2019-12-16,0,10.8,0.0,1.4,59.0,0.0
2019-12-17,1,9.1,0.0,1.1,74.0,0.0
2019-12-18,2,11.7,0.0,1.4,39.0,0.0
2019-12-19,3,9.6,0.0,2.5,18.0,0.0
2019-12-20,4,6.9,0.0,1.3,46.0,0.0
2019-12-23,0,9.1,0.0,0.5,58.0,0.0
2019-12-24,1,7.2,0.0,1.3,47.0,0.0
2019-12-26,3,6.1,0.4,0.7,75.0,0.0
2019-12-27,4,6.0,0.0,1.7,26.0,0.0
2019-12-30,0,6.8,0.0,0.2,87.0,0.0
2019-12-31,1,0.6,0.0,3.2,21.0,0.0
2020-01-02,3,4.7,0.0,1.2,52.0,0.0
2020-01-03,4,6.5,0.0,1.4,50.0,0.0
2020-01-06,0,3.5,0.3,0.7,85.0,0.0
2020-01-07,1,7.0,2.8,0.4,97.0,0.0
2020-01-08,2,8.6,0.0,0.6,59.0,0.0
2020-01-09,3,7.4,0.0,1.3,39.0,0.0
2020-01-10,4,4.6,0.0,1.1,50.0,0.0
2020-01-13,0,5.9,0.0,1.1,43.0,0.0
2020-01-14,1,4.0,0.0,0.7,42.0,0.0
2020-01-15,2,4.0,0.0,1.5,43.0,0.0
2020-01-16,3,3.3,0.0,0.7,40.0,0.0
2020-01-17,4,6.3,0.0,0.7,29.0,0.0
2020-01-20,0,6.9,0.0,1.0,43.0,0.0
2020-01-21,1,4.5,0.0,1.7,30.0,0.0
2020-01-22,2,4.8,0.0,0.8,61.0,0.0
2020-01-23,3,8.6,0.0,1.3,92.0,0.0
2020-01-28,1,10.3,0.0,2.4,59.0,0.0
2020-01-29,2,8.8,0.0,1.0,69.0,0.0
2020-01-30,3,8.6,0.0,1.7,48.0,0.0
2020-01-31,4,7.6,0.0,0.8,54.0,0.0
2020-02-03,0,7.4,0.0,1.4,48.0,0.0
2020-02-04,1,3.9,0.0,1.4,38.0,0.0
2020-02-05,2,2.1,0.0,4.1,16.0,0.0
2020-02-06,3,0.7,0.0,1.6,21.0,0.0
2020-02-07,4,6.1,0.0,0.9,24.0,0.0
2020-02-10,0,9.3,0.0,1.7,49.0,0.0
2020-02-11,1,10.4,0.0,0.7,37.0,0.0
2020-02-12,2,8.5,8.2,1.7,96.0,0.0
2020-02-13,3,13.4,0.0,0.7,73.0,0.0
2020-02-14,4,14.3,0.0,0.7,55.0,0.0
2020-02-17,0,1.8,0.0,3.9,40.0,0.0
2020-02-18,1,4.5,0.0,2.1,30.0,0.0
2020-02-19,2,7.2,0.0,1.4,37.0,0.0
2020-02-20,3,11.3,0.0,1.8,37.0,0.0
2020-02-21,4,12.0,0.0,1.6,50.0,0.0
2020-02-24,0,11.1,0.0,1.3,33.0,0.0
2020-02-25,1,8.3,4.6,0.6,96.0,0.0
2020-02-26,2,12.1,0.0,1.6,65.0,0.0
2020-02-27,3,9.2,0.0,2.0,54.0,0.0
2020-02-28,4,6.6,0.0,0.8,69.0,0.0
2020-03-02,0,10.2,0.0,3.8,26.0,0.0
2020-03-03,1,10.7,0.0,1.6,54.0,0.0
2020-03-04,2,11.5,0.0,2.2,33.0,0.0
2020-03-05,3,6.9,0.0,1.9,31.0,0.0
2020-03-06,4,9.5,0.0,1.8,34.0,0.0
2020-03-09,0,11.1,0.0,1.0,71.0,0.0
2020-03-10,1,10.8,2.1,0.6,92.0,0.0
2020-03-11,2,9.7,0.0,3.6,25.0,0.0
2020-03-12,3,13.0,0.0,0.9,26.0,0.0
2020-03-13,4,14.3,0.0,1.6,44.0,0.0
2020-03-16,0,9.3,0.0,1.8,32.0,0.0
2020-03-17,1,14.3,0.0,3.0,41.0,0.0
2020-03-18,2,16.2,0.0,0.8,27.0,0.0
2020-03-19,3,18.1,0.0,5.4,52.0,0.0
2020-03-20,4,13.7,0.0,1.5,25.0,0.0
2020-03-23,0,17.0,0.0,1.5,28.0,0.0
2020-03-24,1,15.3,0.0,1.6,36.0,0.0
2020-03-25,2,17.1,0.0,1.3,45.0,0.0
2020-03-26,3,10.3,2.1,1.1,92.0,0.0
2020-03-27,4,16.7,0.0,0.7,97.0,0.0
2020-03-30,0,15.7,0.0,1.7,46.0,0.0
2020-03-31,1,17.3,0.0,0.0,42.0,0.0
2020-04-01,2,17.8,0.0,1.1,30.0,0.0
2020-04-02,3,15.2,0.0,0.7,26.0,0.0
2020-04-03,4,17.2,0.0,1.6,22.0,0.0
2020-04-06,0,15.5,0.0,1.1,24.0,0.0
2020-04-07,1,18.6,0.0,1.1,29.0,0.0
2020-04-08,2,17.2,0.0,1.4,16.0,0.0
2020-04-09,3,15.1,0.0,1.5,21.0,0.0
2020-04-10,4,10.0,0.0,1.2,61.0,0.0
2020-04-13,0,12.0,0.0,2.8,37.0,0.0
2020-04-14,1,19.6,0.0,0.0,14.0,0.0
2020-04-16,3,17.6,0.0,1.5,43.0,0.0
2020-04-17,4,10.0,4.4,0.2,94.0,0.0
2020-04-20,0,17.3,0.0,1.1,56.0,0.0
2020-04-21,1,17.3,0.0,3.7,25.0,0.0
2020-04-22,2,13.4,0.0,3.0,26.0,0.0
2020-04-23,3,13.3,0.0,4.0,34.0,0.0
2020-04-24,4,15.9,0.0,2.1,24.0,0.0
2020-04-27,0,18.2,0.0,1.1,28.0,0.0
2020-04-28,1,19.1,0.0,2.6,25.0,0.0
2020-04-29,2,21.6,0.0,1.5,27.0,0.0
2020-05-04,0,24.9,0.0,0.9,63.0,0.0
2020-05-06,2,25.2,0.0,2.6,38.0,0.0
2020-05-07,3,22.0,0.0,2.8,33.0,0.0
2020-05-08,4,20.5,0.0,1.5,44.0,0.0
2020-05-11,0,25.6,0.0,0.7,32.0,0.0
2020-05-12,1,23.5,0.0,3.4,34.0,0.0
2020-05-13,2,22.2,0.0,1.3,31.0,0.0
2020-05-14,3,23.7,0.0,0.9,34.0,0.0
2020-05-15,4,15.6,2.1,0.0,92.0,0.0
2020-05-18,0,19.3,0.0,0.5,84.0,0.0
2020-05-19,1,15.7,0.0,1.8,74.0,0.0
2020-05-20,2,20.7,0.0,1.3,51.0,0.0
2020-05-21,3,18.7,0.0,1.2,64.0,0.0
2020-05-22,4,20.1,0.0,2.4,58.0,0.0
2020-05-25,0,23.2,0.0,1.3,58.0,0.0
2020-05-26,1,20.5,0.0,0.1,69.0,0.0
2020-05-27,2,24.4,0.0,1.6,35.0,0.0
2020-05-28,3,24.7,0.0,1.3,47.0,0.0
2020-05-29,4,26.5,0.0,1.8,42.0,0.0
2020-06-01,0,26.4,0.0,1.4,57.0,0.0
2020-06-02,1,26.6,0.0,2.5,29.0,0.0
2020-06-03,2,24.0,0.0,0.9,69.0,0.0
2020-06-04,3,28.7,0.0,1.6,60.0,0.0
2020-06-05,4,29.1,0.0,2.0,55.0,0.0
2020-06-08,0,29.7,0.0,0.9,40.0,0.0
2020-06-09,1,31.2,0.0,1.6,38.0,0.0
2020-06-10,2,31.7,0.0,1.1,51.0,0.0
2020-06-11,3,27.6,0.0,0.9,74.0,0.0
2020-06-12,4,28.1,0.0,1.2,79.0,0.0
2020-07-01,2,26.1,0.0,1.0,59.0,0.0
2020-07-02,3,25.5,0.0,0.8,72.0,0.0
2020-07-03,4,20.6,0.7,0.0,92.0,0.0
2020-07-06,0,23.3,0.0,0.0,87.0,0.0
2020-07-07,1,28.8,0.0,1.8,68.0,0.0
2020-07-08,2,29.5,0.0,1.6,57.0,0.0
2020-07-09,3,25.2,0.0,1.8,77.0,0.0
2020-07-10,4,24.1,0.0,1.1,90.0,0.0
2020-07-13,0,19.6,3.1,0.2,98.0,0.0
2020-07-14,1,22.3,0.0,1.2,86.0,0.0
2020-07-15,2,19.9,0.0,0.9,96.0,0.0
2020-07-16,3,25.4,0.0,1.5,68.0,0.0
2020-07-17,4,25.6,0.0,0.9,69.0,0.0
2020-07-20,0,27.2,0.0,1.5,88.0,0.0
2020-07-21,1,27.3,0.0,0.8,76.0,0.0
2020-07-22,2,24.3,0.0,0.4,92.0,0.0
2020-07-23,3,23.2,2.1,1.8,96.0,0.0
2020-07-24,4,21.0,0.3,1.5,94.0,0.0
2020-07-27,0,24.2,0.0,1.0,89.0,0.0
2020-07-28,1,27.6,0.0,0.9,90.0,0.0
2020-07-29,2,26.9,0.0,0.6,90.0,0.0
2020-07-30,3,29.1,0.0,2.6,81.0,0.0
2020-07-31,4,28.7,0.0,0.4,79.0,0.0
2020-08-03,0,29.0,0.0,1.7,79.0,0.0
2020-08-04,1,30.8,0.0,1.7,76.0,0.0
2020-08-05,2,29.1,0.1,1.5,89.0,0.0
2020-08-06,3,27.1,1.2,1.3,86.0,0.0
2020-08-07,4,26.8,0.0,1.2,86.0,0.0
2020-08-10,0,26.7,0.4,1.6,94.0,0.0
2020-08-11,1,26.9,3.1,3.1,86.0,0.0
2020-08-12,2,29.8,0.1,1.0,88.0,0.0
2020-08-13,3,30.9,0.0,2.7,72.0,0.0
2020-08-14,4,31.5,0.0,1.4,72.0,0.0
2020-08-18,1,32.2,0.0,1.6,64.0,0.0
2020-08-19,2,32.2,0.0,1.6,57.0,0.0
2020-08-20,3,33.1,0.0,1.5,56.0,0.0
2020-08-21,4,29.8,0.0,1.2,69.0,0.0
2020-08-24,0,31.1,0.0,2.3,62.0,0.0
2020-08-25,1,30.0,0.0,1.0,73.0,0.0
2020-08-26,2,30.1,0.0,2.6,72.0,0.0
2020-08-27,3,30.3,0.0,1.6,77.0,0.0
2020-08-28,4,28.2,0.0,0.9,86.0,0.0
2020-08-31,0,29.7,0.0,2.2,69.0,0.0
2020-09-01,1,28.4,0.0,1.5,69.0,0.0
2020-09-02,2,26.7,0.0,1.2,87.0,0.0
2020-09-03,3,28.7,0.0,3.5,55.0,0.0
2020-09-04,4,27.5,0.0,2.8,60.0,0.0
2020-09-07,0,21.4,0.0,1.6,82.0,0.0
2020-09-08,1,27.5,0.0,2.0,66.0,0.0
2020-09-09,2,25.5,0.0,1.2,69.0,0.0
2020-09-10,3,25.9,0.0,1.6,70.0,0.0
2020-09-11,4,23.3,0.0,0.9,78.0,0.0
2020-09-14,0,25.8,0.0,1.6,62.0,0.0
2020-09-15,1,27.1,0.0,1.0,56.0,0.0
2020-09-16,2,21.5,0.0,0.9,89.0,0.0
2020-09-17,3,22.9,0.0,0.7,87.0,0.0
2020-09-18,4,20.5,0.0,0.7,75.0,0.0
2020-09-21,0,22.7,0.0,2.0,45.0,0.0
2020-09-22,1,19.7,0.0,2.3,68.0,0.0
2020-09-23,2,21.6,0.0,1.5,66.0,0.0
2020-09-24,3,23.2,0.0,2.4,61.0,0.0
2020-09-25,4,24.7,0.0,1.9,58.0,0.0
2020-09-28,0,22.2,0.0,1.4,54.0,0.0
2020-10-05,0,19.6,0.0,2.3,36.0,0.0
2020-10-06,1,20.5,0.0,1.4,43.0,0.0
2020-10-07,2,21.3,0.0,2.9,44.0,0.0
2020-10-08,3,21.7,0.0,3.1,47.0,0.0
2020-10-12,0,22.8,0.0,1.3,47.0,0.0
2020-10-13,1,20.2,0.0,1.7,40.0,0.0
2020-10-14,2,19.3,0.0,1.6,45.0,0.0
2020-10-15,3,19.6,0.0,2.1,16.0,0.0
2020-10-16,4,15.2,0.0,0.5,55.0,0.0
2020-10-19,0,20.1,0.0,2.0,42.0,0.0
2020-10-20,1,20.1,0.0,2.3,42.0,0.0
2020-10-21,2,17.6,0.0,0.4,64.0,0.0
2020-10-22,3,16.0,0.0,0.8,83.0,0.0
2020-10-23,4,16.3,0.0,2.0,31.0,0.0
2020-10-26,0,18.6,0.0,1.2,42.0,0.0
2020-10-27,1,18.1,0.0,0.8,51.0,0.0
2020-10-28,2,16.6,0.0,0.3,67.0,0.0
2020-10-29,3,17.4,0.0,2.7,19.0,0.0
2020-10-30,4,17.6,0.0,1.7,43.0,0.0
